[
  {
    "company": "Google",
    "position": "Frontend Developer",
    "status": "pending",
    "workType": "full-time",
    "jobType": "Remote",
    "workLocation": "Bengaluru, India",
    "createdBy": "6853c78d0c934d817b362d35",
    "createdAt": "2025-05-31T04:55:49.779595",
    "updatedAt": "2025-06-04T21:10:42.779595"
  },
  {
    "company": "Microsoft",
    "position": "Backend Engineer",
    "status": "reject",
    "workType": "part-time",
    "jobType": "On-site",
    "workLocation": "Hyderabad, India",
    "createdBy": "6853c78d0c934d817b362d35",
    "createdAt": "2025-06-13T23:08:56.779637",
    "updatedAt": "2025-06-14T18:11:38.779637"
  },
  {
    "company": "Amazon",
    "position": "Cloud Solutions Architect",
    "status": "interview",
    "workType": "internship",
    "jobType": "Hybrid",
    "workLocation": "Delhi, India",
    "createdBy": "6853c78d0c934d817b362d35",
    "createdAt": "2025-06-11T11:33:30.779648",
    "updatedAt": "2025-06-14T09:29:46.779648"
  },
  {
    "company": "Flipkart",
    "position": "UI UX Designer",
    "status": "pending",
    "workType": "freelance",
    "jobType": "Remote",
    "workLocation": "Mumbai, India",
    "createdBy": "6853c78d0c934d817b362d35",
    "createdAt": "2025-06-12T14:52:02.779655",
    "updatedAt": "2025-06-15T14:04:10.779655"
  },
  {
    "company": "TCS",
    "position": "DevOps Engineer",
    "status": "reject",
    "workType": "full-time",
    "jobType": "On-site",
    "workLocation": "Pune, India",
    "createdBy": "6853c78d0c934d817b362d35",
    "createdAt": "2025-05-27T12:01:19.779667",
    "updatedAt": "2025-05-30T07:34:42.779667"
  },
  {
    "company": "Wipro",
    "position": "Data Scientist",
    "status": "interview",
    "workType": "part-time",
    "jobType": "Hybrid",
    "workLocation": "Chennai, India",
    "createdBy": "6853c78d0c934d817b362d35",
    "createdAt": "2025-06-17T19:49:31.779674",
    "updatedAt": "2025-06-20T21:50:18.779674"
  },
  {
    "company": "Infosys",
    "position": "Machine Learning Engineer",
    "status": "pending",
    "workType": "internship",
    "jobType": "Remote",
    "workLocation": "Noida, India",
    "createdBy": "6853c78d0c934d817b362d35",
    "createdAt": "2025-06-13T02:02:07.779681",
    "updatedAt": "2025-06-16T21:30:33.779681"
  },
  {
    "company": "Zoho",
    "position": "Technical Support Engineer",
    "status": "reject",
    "workType": "freelance",
    "jobType": "On-site",
    "workLocation": "Kolkata, India",
    "createdBy": "6853c78d0c934d817b362d35",
    "createdAt": "2025-06-09T10:03:10.779690",
    "updatedAt": "2025-06-12T08:29:08.779690"
  },
  {
    "company": "Freshworks",
    "position": "Product Manager",
    "status": "interview",
    "workType": "full-time",
    "jobType": "Hybrid",
    "workLocation": "Salem, India",
    "createdBy": "6853c78d0c934d817b362d35",
    "createdAt": "2025-06-01T08:36:37.779699",
    "updatedAt": "2025-06-03T10:19:26.779699"
  },
  {
    "company": "Swiggy",
    "position": "Data Analyst",
    "status": "pending",
    "workType": "part-time",
    "jobType": "Remote",
    "workLocation": "Chandigarh, India",
    "createdBy": "6853c78d0c934d817b362d35",
    "createdAt": "2025-05-23T03:18:36.779707",
    "updatedAt": "2025-05-27T11:40:24.779707"
  },
  {
    "company": "Zomato",
    "position": "Business Analyst",
    "status": "reject",
    "workType": "internship",
    "jobType": "On-site",
    "workLocation": "Bengaluru, India",
    "createdBy": "6853c78d0c934d817b362d35",
    "createdAt": "2025-06-04T21:05:04.779714",
    "updatedAt": "2025-06-09T08:55:45.779714"
  },
  {
    "company": "Paytm",
    "position": "Security Engineer",
    "status": "interview",
    "workType": "freelance",
    "jobType": "Hybrid",
    "workLocation": "Hyderabad, India",
    "createdBy": "6853c78d0c934d817b362d35",
    "createdAt": "2025-05-25T00:19:35.779721",
    "updatedAt": "2025-05-26T11:14:29.779721"
  },
  {
    "company": "Byju's",
    "position": "Full Stack Developer",
    "status": "pending",
    "workType": "full-time",
    "jobType": "Remote",
    "workLocation": "Delhi, India",
    "createdBy": "6853c78d0c934d817b362d35",
    "createdAt": "2025-06-19T21:01:08.779729",
    "updatedAt": "2025-06-22T19:28:23.779729"
  },
  {
    "company": "Ola",
    "position": "Android Developer",
    "status": "reject",
    "workType": "part-time",
    "jobType": "On-site",
    "workLocation": "Mumbai, India",
    "createdBy": "6853c78d0c934d817b362d35",
    "createdAt": "2025-05-27T02:03:25.779735",
    "updatedAt": "2025-05-29T01:22:50.779735"
  },
  {
    "company": "Uber",
    "position": "iOS Developer",
    "status": "interview",
    "workType": "internship",
    "jobType": "Hybrid",
    "workLocation": "Pune, India",
    "createdBy": "6853c78d0c934d817b362d35",
    "createdAt": "2025-05-28T14:23:11.779742",
    "updatedAt": "2025-05-30T18:16:11.779742"
  },
  {
    "company": "LinkedIn",
    "position": "SDE 1",
    "status": "pending",
    "workType": "freelance",
    "jobType": "Remote",
    "workLocation": "Chennai, India",
    "createdBy": "6853c78d0c934d817b362d35",
    "createdAt": "2025-05-24T12:48:45.779748",
    "updatedAt": "2025-05-27T09:44:26.779748"
  },
  {
    "company": "Netflix",
    "position": "SDE 2",
    "status": "reject",
    "workType": "full-time",
    "jobType": "On-site",
    "workLocation": "Noida, India",
    "createdBy": "6853c78d0c934d817b362d35",
    "createdAt": "2025-06-15T17:19:21.779754",
    "updatedAt": "2025-06-19T00:16:41.779754"
  },
  {
    "company": "Hotstar",
    "position": "Automation Tester",
    "status": "interview",
    "workType": "part-time",
    "jobType": "Hybrid",
    "workLocation": "Kolkata, India",
    "createdBy": "6853c78d0c934d817b362d35",
    "createdAt": "2025-06-04T13:38:17.779761",
    "updatedAt": "2025-06-05T15:31:45.779761"
  },
  {
    "company": "Apple",
    "position": "Software Engineer",
    "status": "pending",
    "workType": "internship",
    "jobType": "Remote",
    "workLocation": "Salem, India",
    "createdBy": "6853c78d0c934d817b362d35",
    "createdAt": "2025-05-26T03:29:03.779767",
    "updatedAt": "2025-05-30T21:50:20.779767"
  },
  {
    "company": "Samsung",
    "position": "Embedded Developer",
    "status": "reject",
    "workType": "freelance",
    "jobType": "On-site",
    "workLocation": "Chandigarh, India",
    "createdBy": "6853c78d0c934d817b362d35",
    "createdAt": "2025-06-09T22:05:13.779773",
    "updatedAt": "2025-06-12T09:16:29.779773"
  },
  {
    "company": "IBM",
    "position": "System Administrator",
    "status": "interview",
    "workType": "full-time",
    "jobType": "Hybrid",
    "workLocation": "Bengaluru, India",
    "createdBy": "6853c78d0c934d817b362d35",
    "createdAt": "2025-06-04T16:20:16.779780",
    "updatedAt": "2025-06-06T09:52:20.779780"
  },
  {
    "company": "Intel",
    "position": "Hardware Engineer",
    "status": "pending",
    "workType": "part-time",
    "jobType": "Remote",
    "workLocation": "Hyderabad, India",
    "createdBy": "6853c78d0c934d817b362d35",
    "createdAt": "2025-06-05T08:13:44.779786",
    "updatedAt": "2025-06-07T10:55:28.779786"
  },
  {
    "company": "Nvidia",
    "position": "AI Researcher",
    "status": "reject",
    "workType": "internship",
    "jobType": "On-site",
    "workLocation": "Delhi, India",
    "createdBy": "6853c78d0c934d817b362d35",
    "createdAt": "2025-06-06T17:40:13.779792",
    "updatedAt": "2025-06-07T15:12:57.779792"
  },
  {
    "company": "Meta",
    "position": "React Developer",
    "status": "interview",
    "workType": "freelance",
    "jobType": "Hybrid",
    "workLocation": "Mumbai, India",
    "createdBy": "6853c78d0c934d817b362d35",
    "createdAt": "2025-06-11T21:07:32.779798",
    "updatedAt": "2025-06-16T08:55:02.779798"
  },
  {
    "company": "Accenture",
    "position": "ETL Developer",
    "status": "pending",
    "workType": "full-time",
    "jobType": "Remote",
    "workLocation": "Pune, India",
    "createdBy": "6853c78d0c934d817b362d35",
    "createdAt": "2025-06-17T13:42:25.779804",
    "updatedAt": "2025-06-22T04:01:35.779804"
  },
  {
    "company": "Capgemini",
    "position": "Software Tester",
    "status": "reject",
    "workType": "part-time",
    "jobType": "On-site",
    "workLocation": "Chennai, India",
    "createdBy": "6853c78d0c934d817b362d35",
    "createdAt": "2025-06-17T22:54:11.779811",
    "updatedAt": "2025-06-20T15:03:18.779811"
  },
  {
    "company": "Deloitte",
    "position": "Data Engineer",
    "status": "interview",
    "workType": "internship",
    "jobType": "Hybrid",
    "workLocation": "Noida, India",
    "createdBy": "6853c78d0c934d817b362d35",
    "createdAt": "2025-05-30T23:34:58.779817",
    "updatedAt": "2025-06-01T00:18:26.779817"
  },
  {
    "company": "EY",
    "position": "BI Analyst",
    "status": "pending",
    "workType": "freelance",
    "jobType": "Remote",
    "workLocation": "Kolkata, India",
    "createdBy": "6853c78d0c934d817b362d35",
    "createdAt": "2025-06-06T07:30:43.779823",
    "updatedAt": "2025-06-08T08:23:25.779823"
  },
  {
    "company": "Cognizant",
    "position": "Junior Developer",
    "status": "reject",
    "workType": "full-time",
    "jobType": "On-site",
    "workLocation": "Salem, India",
    "createdBy": "6853c78d0c934d817b362d35",
    "createdAt": "2025-05-22T02:08:34.779829",
    "updatedAt": "2025-05-22T11:40:44.779829"
  },
  {
    "company": "Salesforce",
    "position": "Project Coordinator",
    "status": "interview",
    "workType": "part-time",
    "jobType": "Hybrid",
    "workLocation": "Chandigarh, India",
    "createdBy": "6853c78d0c934d817b362d35",
    "createdAt": "2025-06-17T06:05:39.779836",
    "updatedAt": "2025-06-21T06:03:35.779836"
  },
  {
    "company": "Google",
    "position": "Frontend Developer",
    "status": "pending",
    "workType": "internship",
    "jobType": "Remote",
    "workLocation": "Bengaluru, India",
    "createdBy": "6853c78d0c934d817b362d35",
    "createdAt": "2025-05-29T02:40:11.779842",
    "updatedAt": "2025-05-31T15:59:55.779842"
  },
  {
    "company": "Microsoft",
    "position": "Backend Engineer",
    "status": "reject",
    "workType": "freelance",
    "jobType": "On-site",
    "workLocation": "Hyderabad, India",
    "createdBy": "6853c78d0c934d817b362d35",
    "createdAt": "2025-06-06T02:59:18.779852",
    "updatedAt": "2025-06-10T21:12:23.779852"
  },
  {
    "company": "Amazon",
    "position": "Cloud Solutions Architect",
    "status": "interview",
    "workType": "full-time",
    "jobType": "Hybrid",
    "workLocation": "Delhi, India",
    "createdBy": "6853c78d0c934d817b362d35",
    "createdAt": "2025-06-15T05:46:23.779863",
    "updatedAt": "2025-06-18T06:20:39.779863"
  },
  {
    "company": "Flipkart",
    "position": "UI UX Designer",
    "status": "pending",
    "workType": "part-time",
    "jobType": "Remote",
    "workLocation": "Mumbai, India",
    "createdBy": "6853c78d0c934d817b362d35",
    "createdAt": "2025-06-01T12:56:46.779874",
    "updatedAt": "2025-06-05T23:44:55.779874"
  },
  {
    "company": "TCS",
    "position": "DevOps Engineer",
    "status": "reject",
    "workType": "internship",
    "jobType": "On-site",
    "workLocation": "Pune, India",
    "createdBy": "6853c78d0c934d817b362d35",
    "createdAt": "2025-05-22T01:42:32.779887",
    "updatedAt": "2025-05-27T00:10:44.779887"
  },
  {
    "company": "Wipro",
    "position": "Data Scientist",
    "status": "interview",
    "workType": "freelance",
    "jobType": "Hybrid",
    "workLocation": "Chennai, India",
    "createdBy": "6853c78d0c934d817b362d35",
    "createdAt": "2025-06-11T08:51:11.779893",
    "updatedAt": "2025-06-14T14:18:33.779893"
  },
  {
    "company": "Infosys",
    "position": "Machine Learning Engineer",
    "status": "pending",
    "workType": "full-time",
    "jobType": "Remote",
    "workLocation": "Noida, India",
    "createdBy": "6853c78d0c934d817b362d35",
    "createdAt": "2025-06-14T12:32:06.779899",
    "updatedAt": "2025-06-17T01:04:32.779899"
  },
  {
    "company": "Zoho",
    "position": "Technical Support Engineer",
    "status": "reject",
    "workType": "part-time",
    "jobType": "On-site",
    "workLocation": "Kolkata, India",
    "createdBy": "6853c78d0c934d817b362d35",
    "createdAt": "2025-06-14T12:19:07.779906",
    "updatedAt": "2025-06-17T04:35:04.779906"
  },
  {
    "company": "Freshworks",
    "position": "Product Manager",
    "status": "interview",
    "workType": "internship",
    "jobType": "Hybrid",
    "workLocation": "Salem, India",
    "createdBy": "6853c78d0c934d817b362d35",
    "createdAt": "2025-06-12T14:20:15.779912",
    "updatedAt": "2025-06-15T20:08:41.779912"
  },
  {
    "company": "Swiggy",
    "position": "Data Analyst",
    "status": "pending",
    "workType": "freelance",
    "jobType": "Remote",
    "workLocation": "Chandigarh, India",
    "createdBy": "6853c78d0c934d817b362d35",
    "createdAt": "2025-06-17T18:31:38.779918",
    "updatedAt": "2025-06-21T02:26:50.779918"
  },
  {
    "company": "Zomato",
    "position": "Business Analyst",
    "status": "reject",
    "workType": "full-time",
    "jobType": "On-site",
    "workLocation": "Bengaluru, India",
    "createdBy": "6853c78d0c934d817b362d35",
    "createdAt": "2025-06-01T20:17:48.780079",
    "updatedAt": "2025-06-04T02:17:18.780079"
  },
  {
    "company": "Paytm",
    "position": "Security Engineer",
    "status": "interview",
    "workType": "part-time",
    "jobType": "Hybrid",
    "workLocation": "Hyderabad, India",
    "createdBy": "6853c78d0c934d817b362d35",
    "createdAt": "2025-06-14T16:29:18.780090",
    "updatedAt": "2025-06-14T17:10:49.780090"
  },
  {
    "company": "Byju's",
    "position": "Full Stack Developer",
    "status": "pending",
    "workType": "internship",
    "jobType": "Remote",
    "workLocation": "Delhi, India",
    "createdBy": "6853c78d0c934d817b362d35",
    "createdAt": "2025-05-29T02:08:29.780102",
    "updatedAt": "2025-05-30T06:05:23.780102"
  },
  {
    "company": "Ola",
    "position": "Android Developer",
    "status": "reject",
    "workType": "freelance",
    "jobType": "On-site",
    "workLocation": "Mumbai, India",
    "createdBy": "6853c78d0c934d817b362d35",
    "createdAt": "2025-06-03T23:00:43.780115",
    "updatedAt": "2025-06-07T14:19:57.780115"
  },
  {
    "company": "Uber",
    "position": "iOS Developer",
    "status": "interview",
    "workType": "full-time",
    "jobType": "Hybrid",
    "workLocation": "Pune, India",
    "createdBy": "6853c78d0c934d817b362d35",
    "createdAt": "2025-06-02T13:44:35.780121",
    "updatedAt": "2025-06-04T01:06:59.780121"
  },
  {
    "company": "LinkedIn",
    "position": "SDE 1",
    "status": "pending",
    "workType": "part-time",
    "jobType": "Remote",
    "workLocation": "Chennai, India",
    "createdBy": "6853c78d0c934d817b362d35",
    "createdAt": "2025-06-18T03:02:33.780127",
    "updatedAt": "2025-06-19T19:49:02.780127"
  },
  {
    "company": "Netflix",
    "position": "SDE 2",
    "status": "reject",
    "workType": "internship",
    "jobType": "On-site",
    "workLocation": "Noida, India",
    "createdBy": "6853c78d0c934d817b362d35",
    "createdAt": "2025-06-17T09:09:19.780136",
    "updatedAt": "2025-06-19T22:17:13.780136"
  },
  {
    "company": "Hotstar",
    "position": "Automation Tester",
    "status": "interview",
    "workType": "freelance",
    "jobType": "Hybrid",
    "workLocation": "Kolkata, India",
    "createdBy": "6853c78d0c934d817b362d35",
    "createdAt": "2025-06-14T08:42:24.780147",
    "updatedAt": "2025-06-19T05:41:31.780147"
  },
  {
    "company": "Apple",
    "position": "Software Engineer",
    "status": "pending",
    "workType": "full-time",
    "jobType": "Remote",
    "workLocation": "Salem, India",
    "createdBy": "6853c78d0c934d817b362d35",
    "createdAt": "2025-06-03T07:22:04.780158",
    "updatedAt": "2025-06-04T01:17:34.780158"
  },
  {
    "company": "Samsung",
    "position": "Embedded Developer",
    "status": "reject",
    "workType": "part-time",
    "jobType": "On-site",
    "workLocation": "Chandigarh, India",
    "createdBy": "6853c78d0c934d817b362d35",
    "createdAt": "2025-05-26T13:28:19.780170",
    "updatedAt": "2025-05-27T07:18:34.780170"
  },
  {
    "company": "IBM",
    "position": "System Administrator",
    "status": "interview",
    "workType": "internship",
    "jobType": "Hybrid",
    "workLocation": "Bengaluru, India",
    "createdBy": "6853c78d0c934d817b362d35",
    "createdAt": "2025-06-20T06:39:15.780183",
    "updatedAt": "2025-06-22T17:09:30.780183"
  },
  {
    "company": "Intel",
    "position": "Hardware Engineer",
    "status": "pending",
    "workType": "freelance",
    "jobType": "Remote",
    "workLocation": "Hyderabad, India",
    "createdBy": "6853c78d0c934d817b362d35",
    "createdAt": "2025-06-08T06:31:31.780189",
    "updatedAt": "2025-06-12T09:12:50.780189"
  },
  {
    "company": "Nvidia",
    "position": "AI Researcher",
    "status": "reject",
    "workType": "full-time",
    "jobType": "On-site",
    "workLocation": "Delhi, India",
    "createdBy": "6853c78d0c934d817b362d35",
    "createdAt": "2025-06-03T23:38:13.780196",
    "updatedAt": "2025-06-06T10:34:10.780196"
  },
  {
    "company": "Meta",
    "position": "React Developer",
    "status": "interview",
    "workType": "part-time",
    "jobType": "Hybrid",
    "workLocation": "Mumbai, India",
    "createdBy": "6853c78d0c934d817b362d35",
    "createdAt": "2025-06-19T15:17:10.780202",
    "updatedAt": "2025-06-21T03:57:24.780202"
  },
  {
    "company": "Accenture",
    "position": "ETL Developer",
    "status": "pending",
    "workType": "internship",
    "jobType": "Remote",
    "workLocation": "Pune, India",
    "createdBy": "6853c78d0c934d817b362d35",
    "createdAt": "2025-06-05T21:46:54.780208",
    "updatedAt": "2025-06-10T18:57:59.780208"
  },
  {
    "company": "Capgemini",
    "position": "Software Tester",
    "status": "reject",
    "workType": "freelance",
    "jobType": "On-site",
    "workLocation": "Chennai, India",
    "createdBy": "6853c78d0c934d817b362d35",
    "createdAt": "2025-05-25T14:23:21.780214",
    "updatedAt": "2025-05-29T12:09:16.780214"
  },
  {
    "company": "Deloitte",
    "position": "Data Engineer",
    "status": "interview",
    "workType": "full-time",
    "jobType": "Hybrid",
    "workLocation": "Noida, India",
    "createdBy": "6853c78d0c934d817b362d35",
    "createdAt": "2025-05-31T00:47:23.780220",
    "updatedAt": "2025-06-02T11:50:40.780220"
  },
  {
    "company": "EY",
    "position": "BI Analyst",
    "status": "pending",
    "workType": "part-time",
    "jobType": "Remote",
    "workLocation": "Kolkata, India",
    "createdBy": "6853c78d0c934d817b362d35",
    "createdAt": "2025-05-25T17:38:23.780226",
    "updatedAt": "2025-05-29T17:51:14.780226"
  },
  {
    "company": "Cognizant",
    "position": "Junior Developer",
    "status": "reject",
    "workType": "internship",
    "jobType": "On-site",
    "workLocation": "Salem, India",
    "createdBy": "6853c78d0c934d817b362d35",
    "createdAt": "2025-06-12T09:18:54.780233",
    "updatedAt": "2025-06-14T12:46:43.780233"
  },
  {
    "company": "Salesforce",
    "position": "Project Coordinator",
    "status": "interview",
    "workType": "freelance",
    "jobType": "Hybrid",
    "workLocation": "Chandigarh, India",
    "createdBy": "6853c78d0c934d817b362d35",
    "createdAt": "2025-06-14T02:51:05.780239",
    "updatedAt": "2025-06-16T11:38:12.780239"
  }
]